<?xml version="1.0" encoding="UTF-8"?>
<ti:module xmlns:ti="http://ti.appcelerator.org" xmlns:android="http://schemas.android.com/apk/res/android">
	<!--
	Similar to tiapp.xml, but contains module/platform specific
	configuration in <iphone> and <android> sections
	-->
	<iphone></iphone>
	<android xmlns:android="http://schemas.android.com/apk/res/android">
		<manifest android:versionCode="1" android:versionName="1.0" package="ti.android.geofence">
			<uses-sdk android:minSdkVersion="19" android:targetSdkVersion="28"/>
			<uses-permission android:name="android.permission.ACCESS_FINE_LOCATION" />
			<uses-permission android:name="android.permission.ACCESS_MOCK_LOCATION" />
			<uses-permission android:name="android.permission.WAKE_LOCK" />
			<uses-permission android:name="android.permission.RECEIVE_BOOT_COMPLETED" />
			<uses-permission android:name="android.permission.VIBRATE"/>
			<uses-feature android:name="android.hardware.location.gps" />
			<application
			android:allowBackup="true"
			android:label="@string/app_name">

				<meta-data
				android:name="com.google.android.gms.version"
				android:value="@integer/google_play_services_version" />
				
				<receiver
    				android:name="ti.android.geofence.GeofenceBroadcastReceiver"
    				android:enabled="true"
    				android:exported="true">
    				<intent-filter>
                        <action android:name="com.aol.android.geofence.ACTION_RECEIVE_GEOFENCE"/>
                    </intent-filter>
                </receiver>
                
                <receiver
                    android:name="ti.android.geofence.OnRebootBroadcastReceiver"
                    android:enabled="true"
                    android:exported="true"
                    android:permission="android.permission.RECEIVE_BOOT_COMPLETED">
                    <intent-filter>
                        <action android:name="android.location.MODE_CHANGED" />
                        <action android:name="android.location.PROVIDERS_CHANGED" />
                        <action android:name="android.intent.action.BOOT_COMPLETED"/>
                        <category android:name="android.intent.category.DEFAULT" />
                    </intent-filter>
                </receiver>
                
                <service
					android:name="ti.android.geofence.JavascriptService"
					android:exported="true"
					android:permission="android.permission.BIND_JOB_SERVICE" />
                
				<service
					android:name="ti.android.geofence.GeofenceTransitionsJobIntentService"
					android:exported="true"
					android:permission="android.permission.BIND_JOB_SERVICE" />
					
				<activity android:name="ti.android.geofence.PendingNotificationActivity" android:launchMode="singleTask" android:taskAffinity="" android:excludeFromRecents="true" />

			</application>
		</manifest>
	</android>
	<modules>
		<module platform="android">ti.playservices</module>
	</modules>
</ti:module>
